objectPath,objectName,objectType,id
/Explore/university_project,Mapping_RESULT_AGGREGATE,DTEMPLATE,9Q7vYMm7cphbwtnRXLwTYX
/Explore,University,Project,1YJaIgMiUYyjEK0A7sLWoK
/Explore/university_project,MappingTask_COLLEGE,MTT,1zOuaOAbadTjCifFr4G44y
/Explore/university_project,MappingTask_RESULT_STAGING,MTT,0nUIeScq9QElAtbFKuKdME
/Explore/university_project,MappingTask_TIME,MTT,7nmLWGQ2Om0lhq26VNnNUc
/SYS,da32bea66f595cf,AgentGroup,0dfiSVZ9tEDbSDHQ2n368k
/Explore/university_project,Mapping_STAGING_7,DTEMPLATE,fP2ftPImz4Ledjbufa6ASS
/Explore/university_project,Mapping_MODULE_8,DTEMPLATE,1UWOYyOuNIpjCPM2jAfAef
/Explore/university_project,Mapping_D_COLLEGE,DTEMPLATE,cEvtQWMQUYAeHvFBOhwsAr
/Explore/University,Shared Sequence1,SequenceGenerator,9ExzFHqNB02glAm0qW0JKb
/Explore/university_project,MAPPING_TASK_STUDENT,MTT,8rOba4VZIzqhxjR9D8xI0p
/Explore/university_project,Mapping_student,DTEMPLATE,0gRoXP67GwCbVTzgAXKyEU
/SYS,Final_sql_connect,Connection,247rqgr3GLEf4K8w82NXwd
/Explore,university_project,Project,6vY1nh6HOgMg1jVnzHunUV
/Explore/university_project,Mapping_COURSE,DTEMPLATE,1iiycuSE2M1fU2t0nrnK85
/Explore/university_project,MappingTask_COURSE,MTT,33zpf1Kbculf8adLQ0w7au
/Explore/university_project,Mapping_department_new,DTEMPLATE,3Vf99mXvSgYhKGycTtHzm6
/SYS,final_local_connect,Connection,4fGKYalJUHtkd2hFLMqyym
/Explore/university_project,MAPPING_TIME_DIMENSION,DTEMPLATE,39KqnB1wiQekgbQo6isXcH
/Explore/university_project,Uni_faculty,DTEMPLATE,8l6CpoTOMQpjw6ifE1hBQT
/Explore/university_project,MappingTask_FACULTY,MTT,jjvMhgVuZ8cifDwKMn0WI7
/Explore/university_project,MappingTask_DEPARTMENT,MTT,0Ttp0SYeJMohfbHzFgHJac
/Explore/university_project,MappingTask_RESULT_FACT,MTT,54PrZ8PKLVEeTHzMWDPui0
/Explore/university_project,MappingTask_RESULT_AGG,MTT,cL0s4TKiA47er4OwJE3Z8m