<aetgt:getResponse xmlns:aetgt="http://schemas.active-endpoints.com/appmodules/repository/2010/10/avrepository.xsd"
                   xmlns:types1="http://schemas.active-endpoints.com/appmodules/repository/2010/10/avrepository.xsd">
   <types1:Item>
      <types1:EntryId>0bdpsaaaa-gt-211544-2025-04-09T05:11:49.995Z::tf.xml</types1:EntryId>
      <types1:Name>Taskflow1</types1:Name>
      <types1:MimeType>application/xml+taskflow</types1:MimeType>
      <types1:Description/>
      <types1:AppliesTo/>
      <types1:Tags/>
      <types1:VersionLabel>1.0</types1:VersionLabel>
      <types1:State>CURRENT</types1:State>
      <types1:ProcessGroup/>
      <types1:CreatedBy>imshreeraj@gmail.com</types1:CreatedBy>
      <types1:CreationDate>2025-04-09T05:11:50Z</types1:CreationDate>
      <types1:ModifiedBy>imshreeraj@gmail.com</types1:ModifiedBy>
      <types1:ModificationDate>2025-04-09T05:23:56Z</types1:ModificationDate>
      <types1:PublicationStatus>published</types1:PublicationStatus>
      <types1:PublishedBy>imshreeraj@gmail.com</types1:PublishedBy>
      <types1:PublicationDate>2025-04-09T05:24:01Z</types1:PublicationDate>
      <types1:PublishedContributionId>project:/tf.Taskflow1/Taskflow1.tf.xml</types1:PublishedContributionId>
      <types1:Entry>
         <taskflow xmlns="http://schemas.active-endpoints.com/appmodules/screenflow/2010/10/avosScreenflow.xsd"
                   xmlns:tfm="http://schemas.active-endpoints.com/appmodules/screenflow/2021/04/taskflowModel.xsd"
                   xmlns:list="urn:activevos:spi:list:functions"
                   displayName="Taskflow1"
                   name="Taskflow1"
                   overrideAPIName="false">
            <parameterSet xmlns="http://schemas.active-endpoints.com/appmodules/screenflow/2021/04/taskflowModel.xsd"/>
            <appliesTo/>
            <description/>
            <tags/>
            <generator>Informatica Process Designer 11</generator>
            <tempFields>
               <field description="" name="Data Task 1" type="reference">
                  <options>
                     <option name="failOnNotRun">false</option>
                     <option name="failOnFault">false</option>
                     <option name="referenceTo">$po:MAPPING-TASK-STUDENT-8rOba4VZIzqhxjR9D8xI0p</option>
                  </options>
               </field>
               <field description="" name="Data Task 2" type="reference">
                  <options>
                     <option name="failOnNotRun">false</option>
                     <option name="failOnFault">false</option>
                     <option name="referenceTo">$po:MappingTask-COLLEGE-1zOuaOAbadTjCifFr4G44y</option>
                  </options>
               </field>
               <field description="" name="Data Task 4" type="reference">
                  <options>
                     <option name="failOnNotRun">false</option>
                     <option name="failOnFault">false</option>
                     <option name="referenceTo">$po:MappingTask-COURSE-33zpf1Kbculf8adLQ0w7au</option>
                  </options>
               </field>
               <field description="" name="Data Task 5" type="reference">
                  <options>
                     <option name="failOnNotRun">false</option>
                     <option name="failOnFault">false</option>
                     <option name="referenceTo">$po:MappingTask-FACULTY-jjvMhgVuZ8cifDwKMn0WI7</option>
                  </options>
               </field>
               <field description="" name="Data Task 6" type="reference">
                  <options>
                     <option name="failOnNotRun">false</option>
                     <option name="failOnFault">false</option>
                     <option name="referenceTo">$po:MappingTask-TIME-7nmLWGQ2Om0lhq26VNnNUc</option>
                  </options>
               </field>
               <field description="" name="Data Task 7" type="reference">
                  <options>
                     <option name="failOnNotRun">false</option>
                     <option name="failOnFault">false</option>
                     <option name="referenceTo">$po:MappingTask-RESULT-STAGING-0nUIeScq9QElAtbFKuKdME</option>
                  </options>
               </field>
               <field description="" name="Data Task 8" type="reference">
                  <options>
                     <option name="failOnNotRun">false</option>
                     <option name="failOnFault">false</option>
                     <option name="referenceTo">$po:MappingTask-RESULT-FACT-54PrZ8PKLVEeTHzMWDPui0</option>
                  </options>
               </field>
               <field description="" name="Data Task 9" type="reference">
                  <options>
                     <option name="failOnNotRun">false</option>
                     <option name="failOnFault">false</option>
                     <option name="referenceTo">$po:MappingTask-RESULT-AGG-cL0s4TKiA47er4OwJE3Z8m</option>
                  </options>
               </field>
               <field description="" name="Data Task 3" type="reference">
                  <options>
                     <option name="failOnNotRun">false</option>
                     <option name="failOnFault">false</option>
                     <option name="referenceTo">$po:MappingTask-DEPARTMENT-0Ttp0SYeJMohfbHzFgHJac</option>
                  </options>
               </field>
            </tempFields>
            <notes/>
            <deployment skipIfRunning="false" suspendOnFault="false" tracingLevel="verbose">
               <rest/>
            </deployment>
            <flow id="a">
               <start id="b">
                  <link id="m99h0y4t" targetId="m99h0y6s"/>
               </start>
               <eventContainer id="m99h0y6s">
                  <service id="m99h0y4s">
                     <title>Data Task 1</title>
                     <serviceName>ICSExecuteDataTask</serviceName>
                     <serviceGUID/>
                     <serviceInput>
                        <parameter name="Wait for Task to Complete" source="constant" updatable="true">true</parameter>
                        <parameter name="Max Wait" source="constant" updatable="true">604800</parameter>
                        <parameter name="Task Name" source="constant" updatable="true">MAPPING_TASK_STUDENT</parameter>
                        <parameter name="GUID" source="constant" updatable="true">8rOba4VZIzqhxjR9D8xI0p</parameter>
                        <parameter name="Task Type" source="constant" updatable="true">MCT</parameter>
                        <parameter name="Has Inout Parameters" source="constant" updatable="true">false</parameter>
                        <parameter name="taskField" source="nested">
                           <operation source="field" to="MAPPING-TASK-STUDENT-8rOba4VZIzqhxjR9D8xI0p">temp.Data Task 1</operation>
                        </parameter>
                     </serviceInput>
                     <serviceOutput>
                        <operation source="field" to="temp.Data Task 1/output/Object_Name">Object Name</operation>
                        <operation source="field" to="temp.Data Task 1/output/Run_Id">Run Id</operation>
                        <operation source="field" to="temp.Data Task 1/output/Log_Id">Log Id</operation>
                        <operation source="field" to="temp.Data Task 1/output/Task_Id">Task Id</operation>
                        <operation source="field" to="temp.Data Task 1/output/Task_Status">Task Status</operation>
                        <operation source="field" to="temp.Data Task 1/output/Success_Source_Rows">Success Source Rows</operation>
                        <operation source="field" to="temp.Data Task 1/output/Failed_Source_Rows">Failed Source Rows</operation>
                        <operation source="field" to="temp.Data Task 1/output/Success_Target_Rows">Success Target Rows</operation>
                        <operation source="field" to="temp.Data Task 1/output/Failed_Target_Rows">Failed Target Rows</operation>
                        <operation source="field" to="temp.Data Task 1/output/Start_Time">Start Time</operation>
                        <operation source="field" to="temp.Data Task 1/output/End_Time">End Time</operation>
                        <operation source="field" to="temp.Data Task 1/output/Error_Message">Error Message</operation>
                        <operation source="field" to="temp.Data Task 1/output/TotalTransErrors">Total Transformation Errors</operation>
                        <operation source="field" to="temp.Data Task 1/output/FirstErrorCode">First Error Code</operation>
                     </serviceOutput>
                  </service>
                  <link id="m99h0y4z" targetId="m99h0y7v"/>
                  <events>
                     <catch faultField="temp.Data Task 1/fault"
                            id="m99h0y6q"
                            interrupting="true"
                            name="error">
                        <suspend/>
                     </catch>
                     <catch faultField="temp.Data Task 1/fault"
                            id="m99h0y6r"
                            interrupting="true"
                            name="warning"/>
                  </events>
               </eventContainer>
               <eventContainer id="m99h0y7v">
                  <service id="m99h0y4y">
                     <title>Data Task 2</title>
                     <serviceName>ICSExecuteDataTask</serviceName>
                     <serviceGUID/>
                     <serviceInput>
                        <parameter name="Wait for Task to Complete" source="constant" updatable="true">true</parameter>
                        <parameter name="Max Wait" source="constant" updatable="true">604800</parameter>
                        <parameter name="Task Name" source="constant" updatable="true">MappingTask_COLLEGE</parameter>
                        <parameter name="GUID" source="constant" updatable="true">1zOuaOAbadTjCifFr4G44y</parameter>
                        <parameter name="Task Type" source="constant" updatable="true">MCT</parameter>
                        <parameter name="Has Inout Parameters" source="constant" updatable="true">false</parameter>
                        <parameter name="taskField" source="nested">
                           <operation source="field" to="MappingTask-COLLEGE-1zOuaOAbadTjCifFr4G44y">temp.Data Task 2</operation>
                        </parameter>
                     </serviceInput>
                     <serviceOutput>
                        <operation source="field" to="temp.Data Task 2/output/Object_Name">Object Name</operation>
                        <operation source="field" to="temp.Data Task 2/output/Run_Id">Run Id</operation>
                        <operation source="field" to="temp.Data Task 2/output/Log_Id">Log Id</operation>
                        <operation source="field" to="temp.Data Task 2/output/Task_Id">Task Id</operation>
                        <operation source="field" to="temp.Data Task 2/output/Task_Status">Task Status</operation>
                        <operation source="field" to="temp.Data Task 2/output/Success_Source_Rows">Success Source Rows</operation>
                        <operation source="field" to="temp.Data Task 2/output/Failed_Source_Rows">Failed Source Rows</operation>
                        <operation source="field" to="temp.Data Task 2/output/Success_Target_Rows">Success Target Rows</operation>
                        <operation source="field" to="temp.Data Task 2/output/Failed_Target_Rows">Failed Target Rows</operation>
                        <operation source="field" to="temp.Data Task 2/output/Start_Time">Start Time</operation>
                        <operation source="field" to="temp.Data Task 2/output/End_Time">End Time</operation>
                        <operation source="field" to="temp.Data Task 2/output/Error_Message">Error Message</operation>
                        <operation source="field" to="temp.Data Task 2/output/TotalTransErrors">Total Transformation Errors</operation>
                        <operation source="field" to="temp.Data Task 2/output/FirstErrorCode">First Error Code</operation>
                     </serviceOutput>
                  </service>
                  <link id="m99h0yld" targetId="m99h0ym0"/>
                  <events>
                     <catch faultField="temp.Data Task 2/fault"
                            id="m99h0y7t"
                            interrupting="true"
                            name="error">
                        <suspend/>
                     </catch>
                     <catch faultField="temp.Data Task 2/fault"
                            id="m99h0y7u"
                            interrupting="true"
                            name="warning"/>
                  </events>
               </eventContainer>
               <eventContainer id="m99h0ym0">
                  <service id="m99h0ylc">
                     <title>Data Task 3</title>
                     <serviceName>ICSExecuteDataTask</serviceName>
                     <serviceGUID/>
                     <serviceInput>
                        <parameter name="Wait for Task to Complete" source="constant" updatable="true">true</parameter>
                        <parameter name="Max Wait" source="constant" updatable="true">604800</parameter>
                        <parameter name="Task Name" source="constant" updatable="true">MappingTask_DEPARTMENT</parameter>
                        <parameter name="GUID" source="constant" updatable="true">0Ttp0SYeJMohfbHzFgHJac</parameter>
                        <parameter name="Task Type" source="constant" updatable="true">MCT</parameter>
                        <parameter name="Has Inout Parameters" source="constant" updatable="true">false</parameter>
                        <parameter name="taskField" source="nested">
                           <operation source="field" to="MappingTask-DEPARTMENT-0Ttp0SYeJMohfbHzFgHJac">temp.Data Task 3</operation>
                        </parameter>
                     </serviceInput>
                     <serviceOutput>
                        <operation source="field" to="temp.Data Task 3/output/Object_Name">Object Name</operation>
                        <operation source="field" to="temp.Data Task 3/output/Run_Id">Run Id</operation>
                        <operation source="field" to="temp.Data Task 3/output/Log_Id">Log Id</operation>
                        <operation source="field" to="temp.Data Task 3/output/Task_Id">Task Id</operation>
                        <operation source="field" to="temp.Data Task 3/output/Task_Status">Task Status</operation>
                        <operation source="field" to="temp.Data Task 3/output/Success_Source_Rows">Success Source Rows</operation>
                        <operation source="field" to="temp.Data Task 3/output/Failed_Source_Rows">Failed Source Rows</operation>
                        <operation source="field" to="temp.Data Task 3/output/Success_Target_Rows">Success Target Rows</operation>
                        <operation source="field" to="temp.Data Task 3/output/Failed_Target_Rows">Failed Target Rows</operation>
                        <operation source="field" to="temp.Data Task 3/output/Start_Time">Start Time</operation>
                        <operation source="field" to="temp.Data Task 3/output/End_Time">End Time</operation>
                        <operation source="field" to="temp.Data Task 3/output/Error_Message">Error Message</operation>
                        <operation source="field" to="temp.Data Task 3/output/TotalTransErrors">Total Transformation Errors</operation>
                        <operation source="field" to="temp.Data Task 3/output/FirstErrorCode">First Error Code</operation>
                     </serviceOutput>
                  </service>
                  <link id="m99h0yle" targetId="m99h0ya1"/>
                  <events>
                     <catch faultField="temp.Data Task 3/fault"
                            id="m99h0yly"
                            interrupting="true"
                            name="error">
                        <suspend/>
                     </catch>
                     <catch faultField="temp.Data Task 3/fault"
                            id="m99h0ylz"
                            interrupting="true"
                            name="warning"/>
                  </events>
               </eventContainer>
               <eventContainer id="m99h0ya1">
                  <service id="m99h0y5a">
                     <title>Data Task 4</title>
                     <serviceName>ICSExecuteDataTask</serviceName>
                     <serviceGUID/>
                     <serviceInput>
                        <parameter name="Wait for Task to Complete" source="constant" updatable="true">true</parameter>
                        <parameter name="Max Wait" source="constant" updatable="true">604800</parameter>
                        <parameter name="Task Name" source="constant" updatable="true">MappingTask_COURSE</parameter>
                        <parameter name="GUID" source="constant" updatable="true">33zpf1Kbculf8adLQ0w7au</parameter>
                        <parameter name="Task Type" source="constant" updatable="true">MCT</parameter>
                        <parameter name="Has Inout Parameters" source="constant" updatable="true">false</parameter>
                        <parameter name="taskField" source="nested">
                           <operation source="field" to="MappingTask-COURSE-33zpf1Kbculf8adLQ0w7au">temp.Data Task 4</operation>
                        </parameter>
                     </serviceInput>
                     <serviceOutput>
                        <operation source="field" to="temp.Data Task 4/output/Object_Name">Object Name</operation>
                        <operation source="field" to="temp.Data Task 4/output/Run_Id">Run Id</operation>
                        <operation source="field" to="temp.Data Task 4/output/Log_Id">Log Id</operation>
                        <operation source="field" to="temp.Data Task 4/output/Task_Id">Task Id</operation>
                        <operation source="field" to="temp.Data Task 4/output/Task_Status">Task Status</operation>
                        <operation source="field" to="temp.Data Task 4/output/Success_Source_Rows">Success Source Rows</operation>
                        <operation source="field" to="temp.Data Task 4/output/Failed_Source_Rows">Failed Source Rows</operation>
                        <operation source="field" to="temp.Data Task 4/output/Success_Target_Rows">Success Target Rows</operation>
                        <operation source="field" to="temp.Data Task 4/output/Failed_Target_Rows">Failed Target Rows</operation>
                        <operation source="field" to="temp.Data Task 4/output/Start_Time">Start Time</operation>
                        <operation source="field" to="temp.Data Task 4/output/End_Time">End Time</operation>
                        <operation source="field" to="temp.Data Task 4/output/Error_Message">Error Message</operation>
                        <operation source="field" to="temp.Data Task 4/output/TotalTransErrors">Total Transformation Errors</operation>
                        <operation source="field" to="temp.Data Task 4/output/FirstErrorCode">First Error Code</operation>
                     </serviceOutput>
                  </service>
                  <link id="m99h0y5h" targetId="m99h0ydw"/>
                  <events>
                     <catch faultField="temp.Data Task 4/fault"
                            id="m99h0y9z"
                            interrupting="true"
                            name="error">
                        <suspend/>
                     </catch>
                     <catch faultField="temp.Data Task 4/fault"
                            id="m99h0ya0"
                            interrupting="true"
                            name="warning"/>
                  </events>
               </eventContainer>
               <eventContainer id="m99h0ydw">
                  <service id="m99h0y5g">
                     <title>Data Task 5</title>
                     <serviceName>ICSExecuteDataTask</serviceName>
                     <serviceGUID/>
                     <serviceInput>
                        <parameter name="Wait for Task to Complete" source="constant" updatable="true">true</parameter>
                        <parameter name="Max Wait" source="constant" updatable="true">604800</parameter>
                        <parameter name="Task Name" source="constant" updatable="true">MappingTask_FACULTY</parameter>
                        <parameter name="GUID" source="constant" updatable="true">jjvMhgVuZ8cifDwKMn0WI7</parameter>
                        <parameter name="Task Type" source="constant" updatable="true">MCT</parameter>
                        <parameter name="Has Inout Parameters" source="constant" updatable="true">false</parameter>
                        <parameter name="taskField" source="nested">
                           <operation source="field" to="MappingTask-FACULTY-jjvMhgVuZ8cifDwKMn0WI7">temp.Data Task 5</operation>
                        </parameter>
                     </serviceInput>
                     <serviceOutput>
                        <operation source="field" to="temp.Data Task 5/output/Object_Name">Object Name</operation>
                        <operation source="field" to="temp.Data Task 5/output/Run_Id">Run Id</operation>
                        <operation source="field" to="temp.Data Task 5/output/Log_Id">Log Id</operation>
                        <operation source="field" to="temp.Data Task 5/output/Task_Id">Task Id</operation>
                        <operation source="field" to="temp.Data Task 5/output/Task_Status">Task Status</operation>
                        <operation source="field" to="temp.Data Task 5/output/Success_Source_Rows">Success Source Rows</operation>
                        <operation source="field" to="temp.Data Task 5/output/Failed_Source_Rows">Failed Source Rows</operation>
                        <operation source="field" to="temp.Data Task 5/output/Success_Target_Rows">Success Target Rows</operation>
                        <operation source="field" to="temp.Data Task 5/output/Failed_Target_Rows">Failed Target Rows</operation>
                        <operation source="field" to="temp.Data Task 5/output/Start_Time">Start Time</operation>
                        <operation source="field" to="temp.Data Task 5/output/End_Time">End Time</operation>
                        <operation source="field" to="temp.Data Task 5/output/Error_Message">Error Message</operation>
                        <operation source="field" to="temp.Data Task 5/output/TotalTransErrors">Total Transformation Errors</operation>
                        <operation source="field" to="temp.Data Task 5/output/FirstErrorCode">First Error Code</operation>
                     </serviceOutput>
                  </service>
                  <link id="m99h0y5n" targetId="m99h0yez"/>
                  <events>
                     <catch faultField="temp.Data Task 5/fault"
                            id="m99h0ydu"
                            interrupting="true"
                            name="error">
                        <suspend/>
                     </catch>
                     <catch faultField="temp.Data Task 5/fault"
                            id="m99h0ydv"
                            interrupting="true"
                            name="warning"/>
                  </events>
               </eventContainer>
               <eventContainer id="m99h0yez">
                  <service id="m99h0y5m">
                     <title>Data Task 6</title>
                     <serviceName>ICSExecuteDataTask</serviceName>
                     <serviceGUID/>
                     <serviceInput>
                        <parameter name="Wait for Task to Complete" source="constant" updatable="true">true</parameter>
                        <parameter name="Max Wait" source="constant" updatable="true">604800</parameter>
                        <parameter name="Task Name" source="constant" updatable="true">MappingTask_TIME</parameter>
                        <parameter name="GUID" source="constant" updatable="true">7nmLWGQ2Om0lhq26VNnNUc</parameter>
                        <parameter name="Task Type" source="constant" updatable="true">MCT</parameter>
                        <parameter name="Has Inout Parameters" source="constant" updatable="true">false</parameter>
                        <parameter name="taskField" source="nested">
                           <operation source="field" to="MappingTask-TIME-7nmLWGQ2Om0lhq26VNnNUc">temp.Data Task 6</operation>
                        </parameter>
                     </serviceInput>
                     <serviceOutput>
                        <operation source="field" to="temp.Data Task 6/output/Object_Name">Object Name</operation>
                        <operation source="field" to="temp.Data Task 6/output/Run_Id">Run Id</operation>
                        <operation source="field" to="temp.Data Task 6/output/Log_Id">Log Id</operation>
                        <operation source="field" to="temp.Data Task 6/output/Task_Id">Task Id</operation>
                        <operation source="field" to="temp.Data Task 6/output/Task_Status">Task Status</operation>
                        <operation source="field" to="temp.Data Task 6/output/Success_Source_Rows">Success Source Rows</operation>
                        <operation source="field" to="temp.Data Task 6/output/Failed_Source_Rows">Failed Source Rows</operation>
                        <operation source="field" to="temp.Data Task 6/output/Success_Target_Rows">Success Target Rows</operation>
                        <operation source="field" to="temp.Data Task 6/output/Failed_Target_Rows">Failed Target Rows</operation>
                        <operation source="field" to="temp.Data Task 6/output/Start_Time">Start Time</operation>
                        <operation source="field" to="temp.Data Task 6/output/End_Time">End Time</operation>
                        <operation source="field" to="temp.Data Task 6/output/Error_Message">Error Message</operation>
                        <operation source="field" to="temp.Data Task 6/output/TotalTransErrors">Total Transformation Errors</operation>
                        <operation source="field" to="temp.Data Task 6/output/FirstErrorCode">First Error Code</operation>
                     </serviceOutput>
                  </service>
                  <link id="m99h0y5t" targetId="m99h0yg2"/>
                  <events>
                     <catch faultField="temp.Data Task 6/fault"
                            id="m99h0yex"
                            interrupting="true"
                            name="error">
                        <suspend/>
                     </catch>
                     <catch faultField="temp.Data Task 6/fault"
                            id="m99h0yey"
                            interrupting="true"
                            name="warning"/>
                  </events>
               </eventContainer>
               <eventContainer id="m99h0yg2">
                  <service id="m99h0y5s">
                     <title>Data Task 7</title>
                     <serviceName>ICSExecuteDataTask</serviceName>
                     <serviceGUID/>
                     <serviceInput>
                        <parameter name="Wait for Task to Complete" source="constant" updatable="true">true</parameter>
                        <parameter name="Max Wait" source="constant" updatable="true">604800</parameter>
                        <parameter name="Task Name" source="constant" updatable="true">MappingTask_RESULT_STAGING</parameter>
                        <parameter name="GUID" source="constant" updatable="true">0nUIeScq9QElAtbFKuKdME</parameter>
                        <parameter name="Task Type" source="constant" updatable="true">MCT</parameter>
                        <parameter name="Has Inout Parameters" source="constant" updatable="true">false</parameter>
                        <parameter name="taskField" source="nested">
                           <operation source="field" to="MappingTask-RESULT-STAGING-0nUIeScq9QElAtbFKuKdME">temp.Data Task 7</operation>
                        </parameter>
                     </serviceInput>
                     <serviceOutput>
                        <operation source="field" to="temp.Data Task 7/output/Object_Name">Object Name</operation>
                        <operation source="field" to="temp.Data Task 7/output/Run_Id">Run Id</operation>
                        <operation source="field" to="temp.Data Task 7/output/Log_Id">Log Id</operation>
                        <operation source="field" to="temp.Data Task 7/output/Task_Id">Task Id</operation>
                        <operation source="field" to="temp.Data Task 7/output/Task_Status">Task Status</operation>
                        <operation source="field" to="temp.Data Task 7/output/Success_Source_Rows">Success Source Rows</operation>
                        <operation source="field" to="temp.Data Task 7/output/Failed_Source_Rows">Failed Source Rows</operation>
                        <operation source="field" to="temp.Data Task 7/output/Success_Target_Rows">Success Target Rows</operation>
                        <operation source="field" to="temp.Data Task 7/output/Failed_Target_Rows">Failed Target Rows</operation>
                        <operation source="field" to="temp.Data Task 7/output/Start_Time">Start Time</operation>
                        <operation source="field" to="temp.Data Task 7/output/End_Time">End Time</operation>
                        <operation source="field" to="temp.Data Task 7/output/Error_Message">Error Message</operation>
                        <operation source="field" to="temp.Data Task 7/output/TotalTransErrors">Total Transformation Errors</operation>
                        <operation source="field" to="temp.Data Task 7/output/FirstErrorCode">First Error Code</operation>
                     </serviceOutput>
                  </service>
                  <link id="m99h0y5z" targetId="m99h0yh5"/>
                  <events>
                     <catch faultField="temp.Data Task 7/fault"
                            id="m99h0yg0"
                            interrupting="true"
                            name="error">
                        <suspend/>
                     </catch>
                     <catch faultField="temp.Data Task 7/fault"
                            id="m99h0yg1"
                            interrupting="true"
                            name="warning"/>
                  </events>
               </eventContainer>
               <eventContainer id="m99h0yh5">
                  <service id="m99h0y5y">
                     <title>Data Task 8</title>
                     <serviceName>ICSExecuteDataTask</serviceName>
                     <serviceGUID/>
                     <serviceInput>
                        <parameter name="Wait for Task to Complete" source="constant" updatable="true">true</parameter>
                        <parameter name="Max Wait" source="constant" updatable="true">604800</parameter>
                        <parameter name="Task Name" source="constant" updatable="true">MappingTask_RESULT_FACT</parameter>
                        <parameter name="GUID" source="constant" updatable="true">54PrZ8PKLVEeTHzMWDPui0</parameter>
                        <parameter name="Task Type" source="constant" updatable="true">MCT</parameter>
                        <parameter name="Has Inout Parameters" source="constant" updatable="true">false</parameter>
                        <parameter name="taskField" source="nested">
                           <operation source="field" to="MappingTask-RESULT-FACT-54PrZ8PKLVEeTHzMWDPui0">temp.Data Task 8</operation>
                        </parameter>
                     </serviceInput>
                     <serviceOutput>
                        <operation source="field" to="temp.Data Task 8/output/Object_Name">Object Name</operation>
                        <operation source="field" to="temp.Data Task 8/output/Run_Id">Run Id</operation>
                        <operation source="field" to="temp.Data Task 8/output/Log_Id">Log Id</operation>
                        <operation source="field" to="temp.Data Task 8/output/Task_Id">Task Id</operation>
                        <operation source="field" to="temp.Data Task 8/output/Task_Status">Task Status</operation>
                        <operation source="field" to="temp.Data Task 8/output/Success_Source_Rows">Success Source Rows</operation>
                        <operation source="field" to="temp.Data Task 8/output/Failed_Source_Rows">Failed Source Rows</operation>
                        <operation source="field" to="temp.Data Task 8/output/Success_Target_Rows">Success Target Rows</operation>
                        <operation source="field" to="temp.Data Task 8/output/Failed_Target_Rows">Failed Target Rows</operation>
                        <operation source="field" to="temp.Data Task 8/output/Start_Time">Start Time</operation>
                        <operation source="field" to="temp.Data Task 8/output/End_Time">End Time</operation>
                        <operation source="field" to="temp.Data Task 8/output/Error_Message">Error Message</operation>
                        <operation source="field" to="temp.Data Task 8/output/TotalTransErrors">Total Transformation Errors</operation>
                        <operation source="field" to="temp.Data Task 8/output/FirstErrorCode">First Error Code</operation>
                     </serviceOutput>
                  </service>
                  <link id="m99h0y65" targetId="m99h0yi8"/>
                  <events>
                     <catch faultField="temp.Data Task 8/fault"
                            id="m99h0yh3"
                            interrupting="true"
                            name="error">
                        <suspend/>
                     </catch>
                     <catch faultField="temp.Data Task 8/fault"
                            id="m99h0yh4"
                            interrupting="true"
                            name="warning"/>
                  </events>
               </eventContainer>
               <eventContainer id="m99h0yi8">
                  <service id="m99h0y64">
                     <title>Data Task 9</title>
                     <serviceName>ICSExecuteDataTask</serviceName>
                     <serviceGUID/>
                     <serviceInput>
                        <parameter name="Wait for Task to Complete" source="constant" updatable="true">true</parameter>
                        <parameter name="Max Wait" source="constant" updatable="true">604800</parameter>
                        <parameter name="Task Name" source="constant" updatable="true">MappingTask_RESULT_AGG</parameter>
                        <parameter name="GUID" source="constant" updatable="true">cL0s4TKiA47er4OwJE3Z8m</parameter>
                        <parameter name="Task Type" source="constant" updatable="true">MCT</parameter>
                        <parameter name="Has Inout Parameters" source="constant" updatable="true">false</parameter>
                        <parameter name="taskField" source="nested">
                           <operation source="field" to="MappingTask-RESULT-AGG-cL0s4TKiA47er4OwJE3Z8m">temp.Data Task 9</operation>
                        </parameter>
                     </serviceInput>
                     <serviceOutput>
                        <operation source="field" to="temp.Data Task 9/output/Object_Name">Object Name</operation>
                        <operation source="field" to="temp.Data Task 9/output/Run_Id">Run Id</operation>
                        <operation source="field" to="temp.Data Task 9/output/Log_Id">Log Id</operation>
                        <operation source="field" to="temp.Data Task 9/output/Task_Id">Task Id</operation>
                        <operation source="field" to="temp.Data Task 9/output/Task_Status">Task Status</operation>
                        <operation source="field" to="temp.Data Task 9/output/Success_Source_Rows">Success Source Rows</operation>
                        <operation source="field" to="temp.Data Task 9/output/Failed_Source_Rows">Failed Source Rows</operation>
                        <operation source="field" to="temp.Data Task 9/output/Success_Target_Rows">Success Target Rows</operation>
                        <operation source="field" to="temp.Data Task 9/output/Failed_Target_Rows">Failed Target Rows</operation>
                        <operation source="field" to="temp.Data Task 9/output/Start_Time">Start Time</operation>
                        <operation source="field" to="temp.Data Task 9/output/End_Time">End Time</operation>
                        <operation source="field" to="temp.Data Task 9/output/Error_Message">Error Message</operation>
                        <operation source="field" to="temp.Data Task 9/output/TotalTransErrors">Total Transformation Errors</operation>
                        <operation source="field" to="temp.Data Task 9/output/FirstErrorCode">First Error Code</operation>
                     </serviceOutput>
                  </service>
                  <link id="m99h0y66" targetId="c"/>
                  <events>
                     <catch faultField="temp.Data Task 9/fault"
                            id="m99h0yi6"
                            interrupting="true"
                            name="error">
                        <suspend/>
                     </catch>
                     <catch faultField="temp.Data Task 9/fault"
                            id="m99h0yi7"
                            interrupting="true"
                            name="warning"/>
                  </events>
               </eventContainer>
               <end id="c"/>
            </flow>
            <dependencies>
               <processObject xmlns="http://schemas.active-endpoints.com/appmodules/screenflow/2011/06/avosHostEnvironment.xsd"
                              displayName="MAPPING-TASK-STUDENT-8rOba4VZIzqhxjR9D8xI0p"
                              isByCopy="true"
                              name="MAPPING-TASK-STUDENT-8rOba4VZIzqhxjR9D8xI0p">
                  <description/>
                  <tags/>
                  <detail>
                     <field label="TaskProperties Parameters"
                            name="taskProperties"
                            nullable="true"
                            required="false"
                            type="reference"/>
                     <field label="Output Parameters"
                            name="output"
                            nullable="true"
                            required="false"
                            type="reference"/>
                     <field label="Fault"
                            name="fault"
                            nullable="true"
                            required="false"
                            type="reference"/>
                     <field label="Max Wait (Seconds)"
                            name="Max_Wait"
                            nullable="true"
                            required="false"
                            type="int"/>
                  </detail>
               </processObject>
               <processObject xmlns="http://schemas.active-endpoints.com/appmodules/screenflow/2011/06/avosHostEnvironment.xsd"
                              displayName="MappingTask-COLLEGE-1zOuaOAbadTjCifFr4G44y"
                              isByCopy="true"
                              name="MappingTask-COLLEGE-1zOuaOAbadTjCifFr4G44y">
                  <description/>
                  <tags/>
                  <detail>
                     <field label="TaskProperties Parameters"
                            name="taskProperties"
                            nullable="true"
                            required="false"
                            type="reference"/>
                     <field label="Output Parameters"
                            name="output"
                            nullable="true"
                            required="false"
                            type="reference"/>
                     <field label="Fault"
                            name="fault"
                            nullable="true"
                            required="false"
                            type="reference"/>
                     <field label="Max Wait (Seconds)"
                            name="Max_Wait"
                            nullable="true"
                            required="false"
                            type="int"/>
                  </detail>
               </processObject>
               <processObject xmlns="http://schemas.active-endpoints.com/appmodules/screenflow/2011/06/avosHostEnvironment.xsd"
                              displayName="MappingTask-COURSE-33zpf1Kbculf8adLQ0w7au"
                              isByCopy="true"
                              name="MappingTask-COURSE-33zpf1Kbculf8adLQ0w7au">
                  <description/>
                  <tags/>
                  <detail>
                     <field label="TaskProperties Parameters"
                            name="taskProperties"
                            nullable="true"
                            required="false"
                            type="reference"/>
                     <field label="Output Parameters"
                            name="output"
                            nullable="true"
                            required="false"
                            type="reference"/>
                     <field label="Fault"
                            name="fault"
                            nullable="true"
                            required="false"
                            type="reference"/>
                     <field label="Max Wait (Seconds)"
                            name="Max_Wait"
                            nullable="true"
                            required="false"
                            type="int"/>
                  </detail>
               </processObject>
               <processObject xmlns="http://schemas.active-endpoints.com/appmodules/screenflow/2011/06/avosHostEnvironment.xsd"
                              displayName="MappingTask-FACULTY-jjvMhgVuZ8cifDwKMn0WI7"
                              isByCopy="true"
                              name="MappingTask-FACULTY-jjvMhgVuZ8cifDwKMn0WI7">
                  <description/>
                  <tags/>
                  <detail>
                     <field label="TaskProperties Parameters"
                            name="taskProperties"
                            nullable="true"
                            required="false"
                            type="reference"/>
                     <field label="Output Parameters"
                            name="output"
                            nullable="true"
                            required="false"
                            type="reference"/>
                     <field label="Fault"
                            name="fault"
                            nullable="true"
                            required="false"
                            type="reference"/>
                     <field label="Max Wait (Seconds)"
                            name="Max_Wait"
                            nullable="true"
                            required="false"
                            type="int"/>
                  </detail>
               </processObject>
               <processObject xmlns="http://schemas.active-endpoints.com/appmodules/screenflow/2011/06/avosHostEnvironment.xsd"
                              displayName="MappingTask-TIME-7nmLWGQ2Om0lhq26VNnNUc"
                              isByCopy="true"
                              name="MappingTask-TIME-7nmLWGQ2Om0lhq26VNnNUc">
                  <description/>
                  <tags/>
                  <detail>
                     <field label="TaskProperties Parameters"
                            name="taskProperties"
                            nullable="true"
                            required="false"
                            type="reference"/>
                     <field label="Output Parameters"
                            name="output"
                            nullable="true"
                            required="false"
                            type="reference"/>
                     <field label="Fault"
                            name="fault"
                            nullable="true"
                            required="false"
                            type="reference"/>
                     <field label="Max Wait (Seconds)"
                            name="Max_Wait"
                            nullable="true"
                            required="false"
                            type="int"/>
                  </detail>
               </processObject>
               <processObject xmlns="http://schemas.active-endpoints.com/appmodules/screenflow/2011/06/avosHostEnvironment.xsd"
                              displayName="MappingTask-RESULT-STAGING-0nUIeScq9QElAtbFKuKdME"
                              isByCopy="true"
                              name="MappingTask-RESULT-STAGING-0nUIeScq9QElAtbFKuKdME">
                  <description/>
                  <tags/>
                  <detail>
                     <field label="TaskProperties Parameters"
                            name="taskProperties"
                            nullable="true"
                            required="false"
                            type="reference"/>
                     <field label="Output Parameters"
                            name="output"
                            nullable="true"
                            required="false"
                            type="reference"/>
                     <field label="Fault"
                            name="fault"
                            nullable="true"
                            required="false"
                            type="reference"/>
                     <field label="Max Wait (Seconds)"
                            name="Max_Wait"
                            nullable="true"
                            required="false"
                            type="int"/>
                  </detail>
               </processObject>
               <processObject xmlns="http://schemas.active-endpoints.com/appmodules/screenflow/2011/06/avosHostEnvironment.xsd"
                              displayName="MappingTask-RESULT-FACT-54PrZ8PKLVEeTHzMWDPui0"
                              isByCopy="true"
                              name="MappingTask-RESULT-FACT-54PrZ8PKLVEeTHzMWDPui0">
                  <description/>
                  <tags/>
                  <detail>
                     <field label="TaskProperties Parameters"
                            name="taskProperties"
                            nullable="true"
                            required="false"
                            type="reference"/>
                     <field label="Output Parameters"
                            name="output"
                            nullable="true"
                            required="false"
                            type="reference"/>
                     <field label="Fault"
                            name="fault"
                            nullable="true"
                            required="false"
                            type="reference"/>
                     <field label="Max Wait (Seconds)"
                            name="Max_Wait"
                            nullable="true"
                            required="false"
                            type="int"/>
                  </detail>
               </processObject>
               <processObject xmlns="http://schemas.active-endpoints.com/appmodules/screenflow/2011/06/avosHostEnvironment.xsd"
                              displayName="MappingTask-RESULT-AGG-cL0s4TKiA47er4OwJE3Z8m"
                              isByCopy="true"
                              name="MappingTask-RESULT-AGG-cL0s4TKiA47er4OwJE3Z8m">
                  <description/>
                  <tags/>
                  <detail>
                     <field label="TaskProperties Parameters"
                            name="taskProperties"
                            nullable="true"
                            required="false"
                            type="reference"/>
                     <field label="Output Parameters"
                            name="output"
                            nullable="true"
                            required="false"
                            type="reference"/>
                     <field label="Fault"
                            name="fault"
                            nullable="true"
                            required="false"
                            type="reference"/>
                     <field label="Max Wait (Seconds)"
                            name="Max_Wait"
                            nullable="true"
                            required="false"
                            type="int"/>
                  </detail>
               </processObject>
               <processObject xmlns="http://schemas.active-endpoints.com/appmodules/screenflow/2011/06/avosHostEnvironment.xsd"
                              displayName="MappingTask-DEPARTMENT-0Ttp0SYeJMohfbHzFgHJac"
                              isByCopy="true"
                              name="MappingTask-DEPARTMENT-0Ttp0SYeJMohfbHzFgHJac">
                  <description/>
                  <tags/>
                  <detail>
                     <field label="TaskProperties Parameters"
                            name="taskProperties"
                            nullable="true"
                            required="false"
                            type="reference"/>
                     <field label="Output Parameters"
                            name="output"
                            nullable="true"
                            required="false"
                            type="reference"/>
                     <field label="Fault"
                            name="fault"
                            nullable="true"
                            required="false"
                            type="reference"/>
                     <field label="Max Wait (Seconds)"
                            name="Max_Wait"
                            nullable="true"
                            required="false"
                            type="int"/>
                  </detail>
               </processObject>
            </dependencies>
         </taskflow>
      </types1:Entry>
      <types1:GUID>aVe059SCOSTihCUDnEwDm2</types1:GUID>
      <types1:DisplayName>Taskflow1</types1:DisplayName>
   </types1:Item>
   <types1:CurrentServerDateTime>2025-04-14T05:06:42.498Z</types1:CurrentServerDateTime>
</aetgt:getResponse>
