{
  "name" : "university_project-1744607195130",
  "sourceOrgId" : "9hiBy1kqTYsbTzWhoqTpSB",
  "sourceOrgName" : "Cognizant",
  "exportedObjects" : [ {
    "objectGuid" : "9Q7vYMm7cphbwtnRXLwTYX",
    "objectName" : "Mapping_RESULT_AGGREGATE",
    "objectType" : "DTEMPLATE",
    "path" : "/Explore/university_project",
    "metadata" : {
      "modelVersion" : {
        "major" : 0,
        "minor" : 0
      },
      "repoInfo" : {
        "repoHandle" : "012X251700000000000P"
      },
      "objectRefs" : [ "247rqgr3GLEf4K8w82NXwd" ],
      "contextAttributes" : [ {
        "name" : "id",
        "value" : "@1"
      } ],
      "additionalInfo" : {
        "description" : "",
        "contentType" : "JSON",
        "documentState" : "VALID"
      }
    }
  }, {
    "objectGuid" : "1YJaIgMiUYyjEK0A7sLWoK",
    "objectName" : "University",
    "objectType" : "Project",
    "path" : "/Explore",
    "metadata" : {
      "modelVersion" : {
        "major" : 0,
        "minor" : 0
      },
      "repoInfo" : null,
      "objectRefs" : [ ],
      "contextAttributes" : [ ],
      "additionalInfo" : {
        "description" : "",
        "contentType" : "Binary",
        "documentState" : "COMPLETE"
      }
    }
  }, {
    "objectGuid" : "1zOuaOAbadTjCifFr4G44y",
    "objectName" : "MappingTask_COLLEGE",
    "objectType" : "MTT",
    "path" : "/Explore/university_project",
    "metadata" : {
      "modelVersion" : {
        "major" : 0,
        "minor" : 0
      },
      "repoInfo" : {
        "repoHandle" : "012X250Z00000000000J"
      },
      "objectRefs" : [ "cEvtQWMQUYAeHvFBOhwsAr", "4fGKYalJUHtkd2hFLMqyym", "247rqgr3GLEf4K8w82NXwd", "0dfiSVZ9tEDbSDHQ2n368k" ],
      "contextAttributes" : [ {
        "name" : "id",
        "value" : "@1"
      } ],
      "additionalInfo" : {
        "description" : null,
        "contentType" : "JSON",
        "documentState" : "VALID"
      }
    }
  }, {
    "objectGuid" : "0nUIeScq9QElAtbFKuKdME",
    "objectName" : "MappingTask_RESULT_STAGING",
    "objectType" : "MTT",
    "path" : "/Explore/university_project",
    "metadata" : {
      "modelVersion" : {
        "major" : 0,
        "minor" : 0
      },
      "repoInfo" : {
        "repoHandle" : "012X250Z00000000000O"
      },
      "objectRefs" : [ "fP2ftPImz4Ledjbufa6ASS", "4fGKYalJUHtkd2hFLMqyym", "247rqgr3GLEf4K8w82NXwd", "0dfiSVZ9tEDbSDHQ2n368k" ],
      "contextAttributes" : [ {
        "name" : "id",
        "value" : "@1"
      } ],
      "additionalInfo" : {
        "description" : null,
        "contentType" : "JSON",
        "documentState" : "VALID"
      }
    }
  }, {
    "objectGuid" : "7nmLWGQ2Om0lhq26VNnNUc",
    "objectName" : "MappingTask_TIME",
    "objectType" : "MTT",
    "path" : "/Explore/university_project",
    "metadata" : {
      "modelVersion" : {
        "major" : 0,
        "minor" : 0
      },
      "repoInfo" : {
        "repoHandle" : "012X250Z00000000000N"
      },
      "objectRefs" : [ "4fGKYalJUHtkd2hFLMqyym", "247rqgr3GLEf4K8w82NXwd", "0dfiSVZ9tEDbSDHQ2n368k", "39KqnB1wiQekgbQo6isXcH" ],
      "contextAttributes" : [ {
        "name" : "id",
        "value" : "@1"
      } ],
      "additionalInfo" : {
        "description" : null,
        "contentType" : "JSON",
        "documentState" : "VALID"
      }
    }
  }, {
    "objectGuid" : "0dfiSVZ9tEDbSDHQ2n368k",
    "objectName" : "da32bea66f595cf",
    "objectType" : "AgentGroup",
    "path" : "/SYS",
    "metadata" : {
      "modelVersion" : {
        "major" : 0,
        "minor" : 0
      },
      "repoInfo" : {
        "repoHandle" : "012X252500000000001J"
      },
      "objectRefs" : [ ],
      "contextAttributes" : [ {
        "name" : "id",
        "value" : "@1"
      } ],
      "additionalInfo" : {
        "description" : null,
        "contentType" : "JSON",
        "documentState" : "VALID"
      }
    }
  }, {
    "objectGuid" : "fP2ftPImz4Ledjbufa6ASS",
    "objectName" : "Mapping_STAGING_7",
    "objectType" : "DTEMPLATE",
    "path" : "/Explore/university_project",
    "metadata" : {
      "modelVersion" : {
        "major" : 0,
        "minor" : 0
      },
      "repoInfo" : {
        "repoHandle" : "012X251700000000000N"
      },
      "objectRefs" : [ "4fGKYalJUHtkd2hFLMqyym", "247rqgr3GLEf4K8w82NXwd" ],
      "contextAttributes" : [ {
        "name" : "id",
        "value" : "@1"
      } ],
      "additionalInfo" : {
        "description" : "",
        "contentType" : "JSON",
        "documentState" : "VALID"
      }
    }
  }, {
    "objectGuid" : "1UWOYyOuNIpjCPM2jAfAef",
    "objectName" : "Mapping_MODULE_8",
    "objectType" : "DTEMPLATE",
    "path" : "/Explore/university_project",
    "metadata" : {
      "modelVersion" : {
        "major" : 0,
        "minor" : 0
      },
      "repoInfo" : {
        "repoHandle" : "012X251700000000000O"
      },
      "objectRefs" : [ "247rqgr3GLEf4K8w82NXwd" ],
      "contextAttributes" : [ {
        "name" : "id",
        "value" : "@1"
      } ],
      "additionalInfo" : {
        "description" : "",
        "contentType" : "JSON",
        "documentState" : "VALID"
      }
    }
  }, {
    "objectGuid" : "cEvtQWMQUYAeHvFBOhwsAr",
    "objectName" : "Mapping_D_COLLEGE",
    "objectType" : "DTEMPLATE",
    "path" : "/Explore/university_project",
    "metadata" : {
      "modelVersion" : {
        "major" : 0,
        "minor" : 0
      },
      "repoInfo" : {
        "repoHandle" : "012X251700000000000F"
      },
      "objectRefs" : [ "4fGKYalJUHtkd2hFLMqyym", "247rqgr3GLEf4K8w82NXwd" ],
      "contextAttributes" : [ {
        "name" : "id",
        "value" : "@1"
      } ],
      "additionalInfo" : {
        "description" : "",
        "contentType" : "JSON",
        "documentState" : "VALID"
      }
    }
  }, {
    "objectGuid" : "9ExzFHqNB02glAm0qW0JKb",
    "objectName" : "Shared Sequence1",
    "objectType" : "SequenceGenerator",
    "path" : "/Explore/University",
    "metadata" : {
      "modelVersion" : {
        "major" : 0,
        "minor" : 0
      },
      "repoInfo" : {
        "repoHandle" : "012X2542000000000003"
      },
      "objectRefs" : [ ],
      "contextAttributes" : [ {
        "name" : "id",
        "value" : "@1"
      } ],
      "additionalInfo" : {
        "description" : "",
        "contentType" : "JSON",
        "documentState" : "VALID"
      }
    }
  }, {
    "objectGuid" : "8rOba4VZIzqhxjR9D8xI0p",
    "objectName" : "MAPPING_TASK_STUDENT",
    "objectType" : "MTT",
    "path" : "/Explore/university_project",
    "metadata" : {
      "modelVersion" : {
        "major" : 0,
        "minor" : 0
      },
      "repoInfo" : {
        "repoHandle" : "012X250Z00000000000I"
      },
      "objectRefs" : [ "9ExzFHqNB02glAm0qW0JKb", "4fGKYalJUHtkd2hFLMqyym", "0gRoXP67GwCbVTzgAXKyEU", "247rqgr3GLEf4K8w82NXwd", "0dfiSVZ9tEDbSDHQ2n368k" ],
      "contextAttributes" : [ {
        "name" : "id",
        "value" : "@1"
      } ],
      "additionalInfo" : {
        "description" : null,
        "contentType" : "JSON",
        "documentState" : "VALID"
      }
    }
  }, {
    "objectGuid" : "0gRoXP67GwCbVTzgAXKyEU",
    "objectName" : "Mapping_student",
    "objectType" : "DTEMPLATE",
    "path" : "/Explore/university_project",
    "metadata" : {
      "modelVersion" : {
        "major" : 0,
        "minor" : 0
      },
      "repoInfo" : {
        "repoHandle" : "012X251700000000000M"
      },
      "objectRefs" : [ "9ExzFHqNB02glAm0qW0JKb", "4fGKYalJUHtkd2hFLMqyym", "247rqgr3GLEf4K8w82NXwd" ],
      "contextAttributes" : [ {
        "name" : "id",
        "value" : "@1"
      } ],
      "additionalInfo" : {
        "description" : "",
        "contentType" : "JSON",
        "documentState" : "VALID"
      }
    }
  }, {
    "objectGuid" : "247rqgr3GLEf4K8w82NXwd",
    "objectName" : "Final_sql_connect",
    "objectType" : "Connection",
    "path" : "/SYS",
    "metadata" : {
      "modelVersion" : {
        "major" : 0,
        "minor" : 0
      },
      "repoInfo" : {
        "repoHandle" : "012X250B00000000000E"
      },
      "objectRefs" : [ "0dfiSVZ9tEDbSDHQ2n368k" ],
      "contextAttributes" : [ {
        "name" : "id",
        "value" : "@1"
      } ],
      "additionalInfo" : {
        "description" : null,
        "contentType" : "JSON",
        "documentState" : "COMPLETE"
      }
    }
  }, {
    "objectGuid" : "6vY1nh6HOgMg1jVnzHunUV",
    "objectName" : "university_project",
    "objectType" : "Project",
    "path" : "/Explore",
    "metadata" : {
      "modelVersion" : {
        "major" : 0,
        "minor" : 0
      },
      "repoInfo" : null,
      "objectRefs" : [ ],
      "contextAttributes" : [ ],
      "additionalInfo" : {
        "description" : "",
        "contentType" : "Binary",
        "documentState" : "COMPLETE"
      }
    }
  }, {
    "objectGuid" : "1iiycuSE2M1fU2t0nrnK85",
    "objectName" : "Mapping_COURSE",
    "objectType" : "DTEMPLATE",
    "path" : "/Explore/university_project",
    "metadata" : {
      "modelVersion" : {
        "major" : 0,
        "minor" : 0
      },
      "repoInfo" : {
        "repoHandle" : "012X251700000000000K"
      },
      "objectRefs" : [ "4fGKYalJUHtkd2hFLMqyym", "247rqgr3GLEf4K8w82NXwd" ],
      "contextAttributes" : [ {
        "name" : "id",
        "value" : "@1"
      } ],
      "additionalInfo" : {
        "description" : "",
        "contentType" : "JSON",
        "documentState" : "VALID"
      }
    }
  }, {
    "objectGuid" : "33zpf1Kbculf8adLQ0w7au",
    "objectName" : "MappingTask_COURSE",
    "objectType" : "MTT",
    "path" : "/Explore/university_project",
    "metadata" : {
      "modelVersion" : {
        "major" : 0,
        "minor" : 0
      },
      "repoInfo" : {
        "repoHandle" : "012X250Z00000000000L"
      },
      "objectRefs" : [ "1iiycuSE2M1fU2t0nrnK85", "4fGKYalJUHtkd2hFLMqyym", "247rqgr3GLEf4K8w82NXwd", "0dfiSVZ9tEDbSDHQ2n368k" ],
      "contextAttributes" : [ {
        "name" : "id",
        "value" : "@1"
      } ],
      "additionalInfo" : {
        "description" : null,
        "contentType" : "JSON",
        "documentState" : "VALID"
      }
    }
  }, {
    "objectGuid" : "3Vf99mXvSgYhKGycTtHzm6",
    "objectName" : "Mapping_department_new",
    "objectType" : "DTEMPLATE",
    "path" : "/Explore/university_project",
    "metadata" : {
      "modelVersion" : {
        "major" : 0,
        "minor" : 0
      },
      "repoInfo" : {
        "repoHandle" : "012X251700000000000I"
      },
      "objectRefs" : [ "4fGKYalJUHtkd2hFLMqyym", "247rqgr3GLEf4K8w82NXwd" ],
      "contextAttributes" : [ {
        "name" : "id",
        "value" : "@1"
      } ],
      "additionalInfo" : {
        "description" : "",
        "contentType" : "JSON",
        "documentState" : "VALID"
      }
    }
  }, {
    "objectGuid" : "4fGKYalJUHtkd2hFLMqyym",
    "objectName" : "final_local_connect",
    "objectType" : "Connection",
    "path" : "/SYS",
    "metadata" : {
      "modelVersion" : {
        "major" : 0,
        "minor" : 0
      },
      "repoInfo" : {
        "repoHandle" : "012X250B00000000000F"
      },
      "objectRefs" : [ "0dfiSVZ9tEDbSDHQ2n368k" ],
      "contextAttributes" : [ {
        "name" : "id",
        "value" : "@1"
      } ],
      "additionalInfo" : {
        "description" : null,
        "contentType" : "JSON",
        "documentState" : "COMPLETE"
      }
    }
  }, {
    "objectGuid" : "39KqnB1wiQekgbQo6isXcH",
    "objectName" : "MAPPING_TIME_DIMENSION",
    "objectType" : "DTEMPLATE",
    "path" : "/Explore/university_project",
    "metadata" : {
      "modelVersion" : {
        "major" : 0,
        "minor" : 0
      },
      "repoInfo" : {
        "repoHandle" : "012X251700000000000L"
      },
      "objectRefs" : [ "4fGKYalJUHtkd2hFLMqyym", "247rqgr3GLEf4K8w82NXwd" ],
      "contextAttributes" : [ {
        "name" : "id",
        "value" : "@1"
      } ],
      "additionalInfo" : {
        "description" : "",
        "contentType" : "JSON",
        "documentState" : "VALID"
      }
    }
  }, {
    "objectGuid" : "8l6CpoTOMQpjw6ifE1hBQT",
    "objectName" : "Uni_faculty",
    "objectType" : "DTEMPLATE",
    "path" : "/Explore/university_project",
    "metadata" : {
      "modelVersion" : {
        "major" : 0,
        "minor" : 0
      },
      "repoInfo" : {
        "repoHandle" : "012X251700000000000J"
      },
      "objectRefs" : [ "4fGKYalJUHtkd2hFLMqyym", "247rqgr3GLEf4K8w82NXwd" ],
      "contextAttributes" : [ {
        "name" : "id",
        "value" : "@1"
      } ],
      "additionalInfo" : {
        "description" : "",
        "contentType" : "JSON",
        "documentState" : "VALID"
      }
    }
  }, {
    "objectGuid" : "jjvMhgVuZ8cifDwKMn0WI7",
    "objectName" : "MappingTask_FACULTY",
    "objectType" : "MTT",
    "path" : "/Explore/university_project",
    "metadata" : {
      "modelVersion" : {
        "major" : 0,
        "minor" : 0
      },
      "repoInfo" : {
        "repoHandle" : "012X250Z00000000000M"
      },
      "objectRefs" : [ "4fGKYalJUHtkd2hFLMqyym", "247rqgr3GLEf4K8w82NXwd", "0dfiSVZ9tEDbSDHQ2n368k", "8l6CpoTOMQpjw6ifE1hBQT" ],
      "contextAttributes" : [ {
        "name" : "id",
        "value" : "@1"
      } ],
      "additionalInfo" : {
        "description" : null,
        "contentType" : "JSON",
        "documentState" : "VALID"
      }
    }
  }, {
    "objectGuid" : "0Ttp0SYeJMohfbHzFgHJac",
    "objectName" : "MappingTask_DEPARTMENT",
    "objectType" : "MTT",
    "path" : "/Explore/university_project",
    "metadata" : {
      "modelVersion" : {
        "major" : 0,
        "minor" : 0
      },
      "repoInfo" : {
        "repoHandle" : "012X250Z00000000000K"
      },
      "objectRefs" : [ "4fGKYalJUHtkd2hFLMqyym", "3Vf99mXvSgYhKGycTtHzm6", "247rqgr3GLEf4K8w82NXwd", "0dfiSVZ9tEDbSDHQ2n368k" ],
      "contextAttributes" : [ {
        "name" : "id",
        "value" : "@1"
      } ],
      "additionalInfo" : {
        "description" : null,
        "contentType" : "JSON",
        "documentState" : "VALID"
      }
    }
  }, {
    "objectGuid" : "54PrZ8PKLVEeTHzMWDPui0",
    "objectName" : "MappingTask_RESULT_FACT",
    "objectType" : "MTT",
    "path" : "/Explore/university_project",
    "metadata" : {
      "modelVersion" : {
        "major" : 0,
        "minor" : 0
      },
      "repoInfo" : {
        "repoHandle" : "012X250Z00000000000P"
      },
      "objectRefs" : [ "1UWOYyOuNIpjCPM2jAfAef", "247rqgr3GLEf4K8w82NXwd", "0dfiSVZ9tEDbSDHQ2n368k" ],
      "contextAttributes" : [ {
        "name" : "id",
        "value" : "@1"
      } ],
      "additionalInfo" : {
        "description" : null,
        "contentType" : "JSON",
        "documentState" : "VALID"
      }
    }
  }, {
    "objectGuid" : "cL0s4TKiA47er4OwJE3Z8m",
    "objectName" : "MappingTask_RESULT_AGG",
    "objectType" : "MTT",
    "path" : "/Explore/university_project",
    "metadata" : {
      "modelVersion" : {
        "major" : 0,
        "minor" : 0
      },
      "repoInfo" : {
        "repoHandle" : "012X250Z00000000000Q"
      },
      "objectRefs" : [ "9Q7vYMm7cphbwtnRXLwTYX", "247rqgr3GLEf4K8w82NXwd", "0dfiSVZ9tEDbSDHQ2n368k" ],
      "contextAttributes" : [ {
        "name" : "id",
        "value" : "@1"
      } ],
      "additionalInfo" : {
        "description" : null,
        "contentType" : "JSON",
        "documentState" : "VALID"
      }
    }
  }, {
    "objectGuid" : "aVe059SCOSTihCUDnEwDm2",
    "objectName" : "Taskflow1",
    "objectType" : "TASKFLOW",
    "path" : "/Explore/university_project",
    "metadata" : {
      "modelVersion" : {
        "major" : 1,
        "minor" : 0
      },
      "repoInfo" : {
        "repoHandle" : "0bdpsaaaa-gt-211544-2025-04-09T05:11:49.995Z::tf.xml"
      },
      "objectRefs" : [ "0Ttp0SYeJMohfbHzFgHJac", "33zpf1Kbculf8adLQ0w7au", "8rOba4VZIzqhxjR9D8xI0p", "1zOuaOAbadTjCifFr4G44y", "54PrZ8PKLVEeTHzMWDPui0", "7nmLWGQ2Om0lhq26VNnNUc", "0nUIeScq9QElAtbFKuKdME", "cL0s4TKiA47er4OwJE3Z8m", "jjvMhgVuZ8cifDwKMn0WI7" ],
      "contextAttributes" : null,
      "additionalInfo" : {
        "description" : "",
        "contentType" : "application/json; charset=utf-8",
        "documentState" : "VALID"
      }
    }
  } ]
}